twitter_handle,profile_img_normal,profile_img_bigger,profile_img_mini,profile_img_original,dimensions,width,height
xQc,http://pbs.twimg.com/profile_images/1188911868863221772/fpcyKuIW_normal.jpg,http://pbs.twimg.com/profile_images/1188911868863221772/fpcyKuIW_bigger.jpg,http://pbs.twimg.com/profile_images/1188911868863221772/fpcyKuIW_mini.jpg,http://pbs.twimg.com/profile_images/1188911868863221772/fpcyKuIW.jpg,"(400, 400)",400,400
summit1g,http://pbs.twimg.com/profile_images/1253450626500923393/k3QBhmHk_normal.jpg,http://pbs.twimg.com/profile_images/1253450626500923393/k3QBhmHk_bigger.jpg,http://pbs.twimg.com/profile_images/1253450626500923393/k3QBhmHk_mini.jpg,http://pbs.twimg.com/profile_images/1253450626500923393/k3QBhmHk.jpg,"(400, 400)",400,400
Tfue,http://pbs.twimg.com/profile_images/1234540362070478850/enLVtBuZ_normal.jpg,http://pbs.twimg.com/profile_images/1234540362070478850/enLVtBuZ_bigger.jpg,http://pbs.twimg.com/profile_images/1234540362070478850/enLVtBuZ_mini.jpg,http://pbs.twimg.com/profile_images/1234540362070478850/enLVtBuZ.jpg,"(400, 400)",400,400
Asmongold,http://pbs.twimg.com/profile_images/804591156491419649/BnUUh5KE_normal.jpg,http://pbs.twimg.com/profile_images/804591156491419649/BnUUh5KE_bigger.jpg,http://pbs.twimg.com/profile_images/804591156491419649/BnUUh5KE_mini.jpg,http://pbs.twimg.com/profile_images/804591156491419649/BnUUh5KE.jpg,"(512, 512)",512,512
NICKMERCS,http://pbs.twimg.com/profile_images/1421269155383324675/oKbxh_Bv_normal.jpg,http://pbs.twimg.com/profile_images/1421269155383324675/oKbxh_Bv_bigger.jpg,http://pbs.twimg.com/profile_images/1421269155383324675/oKbxh_Bv_mini.jpg,http://pbs.twimg.com/profile_images/1421269155383324675/oKbxh_Bv.jpg,"(400, 400)",400,400
loltyler1,http://pbs.twimg.com/profile_images/693320968811380736/g3cD_R1A_normal.png,http://pbs.twimg.com/profile_images/693320968811380736/g3cD_R1A_bigger.png,http://pbs.twimg.com/profile_images/693320968811380736/g3cD_R1A_mini.png,http://pbs.twimg.com/profile_images/693320968811380736/g3cD_R1A.png,"(240, 240)",240,240
LIRIK,http://pbs.twimg.com/profile_images/1148972773290762240/kmkJzp5I_normal.png,http://pbs.twimg.com/profile_images/1148972773290762240/kmkJzp5I_bigger.png,http://pbs.twimg.com/profile_images/1148972773290762240/kmkJzp5I_mini.png,http://pbs.twimg.com/profile_images/1148972773290762240/kmkJzp5I.png,"(512, 512)",512,512
Sodapoppintv,http://pbs.twimg.com/profile_images/1321577744518549516/Z9tk9p1v_normal.jpg,http://pbs.twimg.com/profile_images/1321577744518549516/Z9tk9p1v_bigger.jpg,http://pbs.twimg.com/profile_images/1321577744518549516/Z9tk9p1v_mini.jpg,http://pbs.twimg.com/profile_images/1321577744518549516/Z9tk9p1v.jpg,"(212, 212)",212,212
CohhCarnage,http://pbs.twimg.com/profile_images/1479434044286853121/TB1hCcOQ_normal.jpg,http://pbs.twimg.com/profile_images/1479434044286853121/TB1hCcOQ_bigger.jpg,http://pbs.twimg.com/profile_images/1479434044286853121/TB1hCcOQ_mini.jpg,http://pbs.twimg.com/profile_images/1479434044286853121/TB1hCcOQ.jpg,"(318, 318)",318,318
Castro1021,http://pbs.twimg.com/profile_images/1480932779181412360/7_bCe6br_normal.jpg,http://pbs.twimg.com/profile_images/1480932779181412360/7_bCe6br_bigger.jpg,http://pbs.twimg.com/profile_images/1480932779181412360/7_bCe6br_mini.jpg,http://pbs.twimg.com/profile_images/1480932779181412360/7_bCe6br.jpg,"(400, 400)",400,400
Pestily,http://pbs.twimg.com/profile_images/1281254310664450049/tQmJphmS_normal.jpg,http://pbs.twimg.com/profile_images/1281254310664450049/tQmJphmS_bigger.jpg,http://pbs.twimg.com/profile_images/1281254310664450049/tQmJphmS_mini.jpg,http://pbs.twimg.com/profile_images/1281254310664450049/tQmJphmS.jpg,"(400, 400)",400,400
MOONMOON_OW,http://pbs.twimg.com/profile_images/734646849466949633/_2dUqEHW_normal.jpg,http://pbs.twimg.com/profile_images/734646849466949633/_2dUqEHW_bigger.jpg,http://pbs.twimg.com/profile_images/734646849466949633/_2dUqEHW_mini.jpg,http://pbs.twimg.com/profile_images/734646849466949633/_2dUqEHW.jpg,"(400, 400)",400,400
Myth_,http://pbs.twimg.com/profile_images/1422232305347665924/18J-fzFG_normal.jpg,http://pbs.twimg.com/profile_images/1422232305347665924/18J-fzFG_bigger.jpg,http://pbs.twimg.com/profile_images/1422232305347665924/18J-fzFG_mini.jpg,http://pbs.twimg.com/profile_images/1422232305347665924/18J-fzFG.jpg,"(400, 400)",400,400
Kripparrian,http://pbs.twimg.com/profile_images/1426996971114573829/JeWVOwVn_normal.jpg,http://pbs.twimg.com/profile_images/1426996971114573829/JeWVOwVn_bigger.jpg,http://pbs.twimg.com/profile_images/1426996971114573829/JeWVOwVn_mini.jpg,http://pbs.twimg.com/profile_images/1426996971114573829/JeWVOwVn.jpg,"(400, 400)",400,400
Fresh,http://pbs.twimg.com/profile_images/1488014361977257984/ojiRFqkf_normal.jpg,http://pbs.twimg.com/profile_images/1488014361977257984/ojiRFqkf_bigger.jpg,http://pbs.twimg.com/profile_images/1488014361977257984/ojiRFqkf_mini.jpg,http://pbs.twimg.com/profile_images/1488014361977257984/ojiRFqkf.jpg,"(400, 400)",400,400
tfblade,http://pbs.twimg.com/profile_images/1197263375547408387/otdvoWUJ_normal.jpg,http://pbs.twimg.com/profile_images/1197263375547408387/otdvoWUJ_bigger.jpg,http://pbs.twimg.com/profile_images/1197263375547408387/otdvoWUJ_mini.jpg,http://pbs.twimg.com/profile_images/1197263375547408387/otdvoWUJ.jpg,"(400, 400)",400,400
Yassuo,http://pbs.twimg.com/profile_images/1465127832124858372/v6GgEn2F_normal.jpg,http://pbs.twimg.com/profile_images/1465127832124858372/v6GgEn2F_bigger.jpg,http://pbs.twimg.com/profile_images/1465127832124858372/v6GgEn2F_mini.jpg,http://pbs.twimg.com/profile_images/1465127832124858372/v6GgEn2F.jpg,"(400, 400)",400,400
hasanthehun,http://pbs.twimg.com/profile_images/1207601173756174336/djTLQauA_normal.jpg,http://pbs.twimg.com/profile_images/1207601173756174336/djTLQauA_bigger.jpg,http://pbs.twimg.com/profile_images/1207601173756174336/djTLQauA_mini.jpg,http://pbs.twimg.com/profile_images/1207601173756174336/djTLQauA.jpg,"(400, 400)",400,400
bugha,http://pbs.twimg.com/profile_images/1448674126118408197/E-JD5ZbV_normal.jpg,http://pbs.twimg.com/profile_images/1448674126118408197/E-JD5ZbV_bigger.jpg,http://pbs.twimg.com/profile_images/1448674126118408197/E-JD5ZbV_mini.jpg,http://pbs.twimg.com/profile_images/1448674126118408197/E-JD5ZbV.jpg,"(383, 383)",383,383
Clix,http://pbs.twimg.com/profile_images/1460670220037730307/RfOjXllI_normal.jpg,http://pbs.twimg.com/profile_images/1460670220037730307/RfOjXllI_bigger.jpg,http://pbs.twimg.com/profile_images/1460670220037730307/RfOjXllI_mini.jpg,http://pbs.twimg.com/profile_images/1460670220037730307/RfOjXllI.jpg,"(400, 400)",400,400
Gorgc,http://pbs.twimg.com/profile_images/933127175120785409/5IEVuXIW_normal.jpg,http://pbs.twimg.com/profile_images/933127175120785409/5IEVuXIW_bigger.jpg,http://pbs.twimg.com/profile_images/933127175120785409/5IEVuXIW_mini.jpg,http://pbs.twimg.com/profile_images/933127175120785409/5IEVuXIW.jpg,"(1600, 1600)",1600,1600
onscreenlol,http://pbs.twimg.com/profile_images/1381665521272295431/VynEwhKG_normal.png,http://pbs.twimg.com/profile_images/1381665521272295431/VynEwhKG_bigger.png,http://pbs.twimg.com/profile_images/1381665521272295431/VynEwhKG_mini.png,http://pbs.twimg.com/profile_images/1381665521272295431/VynEwhKG.png,"(300, 300)",300,300
AdmiralBahroo,http://pbs.twimg.com/profile_images/1404901348303384576/qZPcfu_W_normal.jpg,http://pbs.twimg.com/profile_images/1404901348303384576/qZPcfu_W_bigger.jpg,http://pbs.twimg.com/profile_images/1404901348303384576/qZPcfu_W_mini.jpg,http://pbs.twimg.com/profile_images/1404901348303384576/qZPcfu_W.jpg,"(400, 400)",400,400
quinrex,http://pbs.twimg.com/profile_images/1288484827692331008/6s_6mLDY_normal.jpg,http://pbs.twimg.com/profile_images/1288484827692331008/6s_6mLDY_bigger.jpg,http://pbs.twimg.com/profile_images/1288484827692331008/6s_6mLDY_mini.jpg,http://pbs.twimg.com/profile_images/1288484827692331008/6s_6mLDY.jpg,"(400, 400)",400,400
NickEh30,http://pbs.twimg.com/profile_images/1332252205362065408/L0YiBsvk_normal.jpg,http://pbs.twimg.com/profile_images/1332252205362065408/L0YiBsvk_bigger.jpg,http://pbs.twimg.com/profile_images/1332252205362065408/L0YiBsvk_mini.jpg,http://pbs.twimg.com/profile_images/1332252205362065408/L0YiBsvk.jpg,"(400, 400)",400,400
Forsen,http://pbs.twimg.com/profile_images/472354105822687232/6B0jgEqM_normal.jpeg,http://pbs.twimg.com/profile_images/472354105822687232/6B0jgEqM_bigger.jpeg,http://pbs.twimg.com/profile_images/472354105822687232/6B0jgEqM_mini.jpeg,http://pbs.twimg.com/profile_images/472354105822687232/6B0jgEqM.jpeg,"(661, 661)",661,661
Symfuhny,http://pbs.twimg.com/profile_images/1207086481916887040/dW0LBzUb_normal.jpg,http://pbs.twimg.com/profile_images/1207086481916887040/dW0LBzUb_bigger.jpg,http://pbs.twimg.com/profile_images/1207086481916887040/dW0LBzUb_mini.jpg,http://pbs.twimg.com/profile_images/1207086481916887040/dW0LBzUb.jpg,"(400, 400)",400,400
REALMizkif,http://pbs.twimg.com/profile_images/1386897439899127811/X92asQNU_normal.jpg,http://pbs.twimg.com/profile_images/1386897439899127811/X92asQNU_bigger.jpg,http://pbs.twimg.com/profile_images/1386897439899127811/X92asQNU_mini.jpg,http://pbs.twimg.com/profile_images/1386897439899127811/X92asQNU.jpg,"(225, 225)",225,225
maximilian_,http://pbs.twimg.com/profile_images/1067029705373573122/rUPyVYvc_normal.jpg,http://pbs.twimg.com/profile_images/1067029705373573122/rUPyVYvc_bigger.jpg,http://pbs.twimg.com/profile_images/1067029705373573122/rUPyVYvc_mini.jpg,http://pbs.twimg.com/profile_images/1067029705373573122/rUPyVYvc.jpg,"(512, 512)",512,512
Trainwreckstv,http://pbs.twimg.com/profile_images/1385522385902653441/oj3QPVTF_normal.jpg,http://pbs.twimg.com/profile_images/1385522385902653441/oj3QPVTF_bigger.jpg,http://pbs.twimg.com/profile_images/1385522385902653441/oj3QPVTF_mini.jpg,http://pbs.twimg.com/profile_images/1385522385902653441/oj3QPVTF.jpg,"(400, 400)",400,400
SypherPK,http://pbs.twimg.com/profile_images/1481136437655490564/d958YzbM_normal.jpg,http://pbs.twimg.com/profile_images/1481136437655490564/d958YzbM_bigger.jpg,http://pbs.twimg.com/profile_images/1481136437655490564/d958YzbM_mini.jpg,http://pbs.twimg.com/profile_images/1481136437655490564/d958YzbM.jpg,"(400, 400)",400,400
Sacriel,http://pbs.twimg.com/profile_images/1302924768769912834/k7omDgvt_normal.jpg,http://pbs.twimg.com/profile_images/1302924768769912834/k7omDgvt_bigger.jpg,http://pbs.twimg.com/profile_images/1302924768769912834/k7omDgvt_mini.jpg,http://pbs.twimg.com/profile_images/1302924768769912834/k7omDgvt.jpg,"(400, 400)",400,400
dakotaz,http://pbs.twimg.com/profile_images/1454827578448125957/tzarvMT6_normal.jpg,http://pbs.twimg.com/profile_images/1454827578448125957/tzarvMT6_bigger.jpg,http://pbs.twimg.com/profile_images/1454827578448125957/tzarvMT6_mini.jpg,http://pbs.twimg.com/profile_images/1454827578448125957/tzarvMT6.jpg,"(400, 400)",400,400
AdmiralBulldog,http://pbs.twimg.com/profile_images/1000303810642837504/LQmBgJmU_normal.jpg,http://pbs.twimg.com/profile_images/1000303810642837504/LQmBgJmU_bigger.jpg,http://pbs.twimg.com/profile_images/1000303810642837504/LQmBgJmU_mini.jpg,http://pbs.twimg.com/profile_images/1000303810642837504/LQmBgJmU.jpg,"(240, 240)",240,240
pokimanelol,http://pbs.twimg.com/profile_images/1486146696383922176/tqlJbM-L_normal.jpg,http://pbs.twimg.com/profile_images/1486146696383922176/tqlJbM-L_bigger.jpg,http://pbs.twimg.com/profile_images/1486146696383922176/tqlJbM-L_mini.jpg,http://pbs.twimg.com/profile_images/1486146696383922176/tqlJbM-L.jpg,"(400, 400)",400,400
Method,http://pbs.twimg.com/profile_images/1455604755389194243/2zde7s3c_normal.jpg,http://pbs.twimg.com/profile_images/1455604755389194243/2zde7s3c_bigger.jpg,http://pbs.twimg.com/profile_images/1455604755389194243/2zde7s3c_mini.jpg,http://pbs.twimg.com/profile_images/1455604755389194243/2zde7s3c.jpg,"(176, 176)",176,176
Nightbloo,http://pbs.twimg.com/profile_images/1445972109327405056/OME2Tb3x_normal.jpg,http://pbs.twimg.com/profile_images/1445972109327405056/OME2Tb3x_bigger.jpg,http://pbs.twimg.com/profile_images/1445972109327405056/OME2Tb3x_mini.jpg,http://pbs.twimg.com/profile_images/1445972109327405056/OME2Tb3x.jpg,"(150, 150)",150,150
EsfandTV,http://pbs.twimg.com/profile_images/1402344829472870403/dZvrMVf6_normal.jpg,http://pbs.twimg.com/profile_images/1402344829472870403/dZvrMVf6_bigger.jpg,http://pbs.twimg.com/profile_images/1402344829472870403/dZvrMVf6_mini.jpg,http://pbs.twimg.com/profile_images/1402344829472870403/dZvrMVf6.jpg,"(400, 400)",400,400
shroud,http://pbs.twimg.com/profile_images/986674209106550784/mbmmyb6Z_normal.jpg,http://pbs.twimg.com/profile_images/986674209106550784/mbmmyb6Z_bigger.jpg,http://pbs.twimg.com/profile_images/986674209106550784/mbmmyb6Z_mini.jpg,http://pbs.twimg.com/profile_images/986674209106550784/mbmmyb6Z.jpg,"(240, 240)",240,240
scarra,http://pbs.twimg.com/profile_images/1363240672317214720/03_jNSk3_normal.jpg,http://pbs.twimg.com/profile_images/1363240672317214720/03_jNSk3_bigger.jpg,http://pbs.twimg.com/profile_images/1363240672317214720/03_jNSk3_mini.jpg,http://pbs.twimg.com/profile_images/1363240672317214720/03_jNSk3.jpg,"(400, 400)",400,400
G2Thijs,http://pbs.twimg.com/profile_images/862738585128251392/SQsyWiiA_normal.jpg,http://pbs.twimg.com/profile_images/862738585128251392/SQsyWiiA_bigger.jpg,http://pbs.twimg.com/profile_images/862738585128251392/SQsyWiiA_mini.jpg,http://pbs.twimg.com/profile_images/862738585128251392/SQsyWiiA.jpg,"(512, 512)",512,512
Swagg,http://pbs.twimg.com/profile_images/1426737826092126208/N44sWmfl_normal.jpg,http://pbs.twimg.com/profile_images/1426737826092126208/N44sWmfl_bigger.jpg,http://pbs.twimg.com/profile_images/1426737826092126208/N44sWmfl_mini.jpg,http://pbs.twimg.com/profile_images/1426737826092126208/N44sWmfl.jpg,"(400, 400)",400,400
TylerTeeP,http://pbs.twimg.com/profile_images/1469482592001044483/m5rFCfzS_normal.jpg,http://pbs.twimg.com/profile_images/1469482592001044483/m5rFCfzS_bigger.jpg,http://pbs.twimg.com/profile_images/1469482592001044483/m5rFCfzS_mini.jpg,http://pbs.twimg.com/profile_images/1469482592001044483/m5rFCfzS.jpg,"(400, 400)",400,400
LVNDMARK_tv,http://pbs.twimg.com/profile_images/1230799248964411398/dihGD5gY_normal.jpg,http://pbs.twimg.com/profile_images/1230799248964411398/dihGD5gY_bigger.jpg,http://pbs.twimg.com/profile_images/1230799248964411398/dihGD5gY_mini.jpg,http://pbs.twimg.com/profile_images/1230799248964411398/dihGD5gY.jpg,"(400, 400)",400,400
cloakzy,http://pbs.twimg.com/profile_images/1461006635153960961/IqAqePbA_normal.jpg,http://pbs.twimg.com/profile_images/1461006635153960961/IqAqePbA_bigger.jpg,http://pbs.twimg.com/profile_images/1461006635153960961/IqAqePbA_mini.jpg,http://pbs.twimg.com/profile_images/1461006635153960961/IqAqePbA.jpg,"(399, 399)",399,399
aceu,http://pbs.twimg.com/profile_images/1474179803515265025/5E90ssGu_normal.jpg,http://pbs.twimg.com/profile_images/1474179803515265025/5E90ssGu_bigger.jpg,http://pbs.twimg.com/profile_images/1474179803515265025/5E90ssGu_mini.jpg,http://pbs.twimg.com/profile_images/1474179803515265025/5E90ssGu.jpg,"(400, 400)",400,400
Elajjaz,http://pbs.twimg.com/profile_images/1458049632324489218/wsHTMDdx_normal.png,http://pbs.twimg.com/profile_images/1458049632324489218/wsHTMDdx_bigger.png,http://pbs.twimg.com/profile_images/1458049632324489218/wsHTMDdx_mini.png,http://pbs.twimg.com/profile_images/1458049632324489218/wsHTMDdx.png,"(112, 112)",112,112
CDNThe3rd,http://pbs.twimg.com/profile_images/679661323605700609/K3P_n-di_normal.jpg,http://pbs.twimg.com/profile_images/679661323605700609/K3P_n-di_bigger.jpg,http://pbs.twimg.com/profile_images/679661323605700609/K3P_n-di_mini.jpg,http://pbs.twimg.com/profile_images/679661323605700609/K3P_n-di.jpg,"(240, 240)",240,240
Kitboga,http://pbs.twimg.com/profile_images/1384519910735372288/wpKrVXnd_normal.jpg,http://pbs.twimg.com/profile_images/1384519910735372288/wpKrVXnd_bigger.jpg,http://pbs.twimg.com/profile_images/1384519910735372288/wpKrVXnd_mini.jpg,http://pbs.twimg.com/profile_images/1384519910735372288/wpKrVXnd.jpg,"(360, 360)",360,360
Dansgaming,http://pbs.twimg.com/profile_images/1487469815568732166/x4ub6M3n_normal.png,http://pbs.twimg.com/profile_images/1487469815568732166/x4ub6M3n_bigger.png,http://pbs.twimg.com/profile_images/1487469815568732166/x4ub6M3n_mini.png,http://pbs.twimg.com/profile_images/1487469815568732166/x4ub6M3n.png,"(270, 270)",270,270
Aatroxcarry,http://pbs.twimg.com/profile_images/1485830966903980032/bE8qAyDi_normal.jpg,http://pbs.twimg.com/profile_images/1485830966903980032/bE8qAyDi_bigger.jpg,http://pbs.twimg.com/profile_images/1485830966903980032/bE8qAyDi_mini.jpg,http://pbs.twimg.com/profile_images/1485830966903980032/bE8qAyDi.jpg,"(400, 400)",400,400
yogscast,http://pbs.twimg.com/profile_images/911261084643979266/hZQ1kNQn_normal.jpg,http://pbs.twimg.com/profile_images/911261084643979266/hZQ1kNQn_bigger.jpg,http://pbs.twimg.com/profile_images/911261084643979266/hZQ1kNQn_mini.jpg,http://pbs.twimg.com/profile_images/911261084643979266/hZQ1kNQn.jpg,"(512, 512)",512,512
dogdog,http://pbs.twimg.com/profile_images/1015728277896323072/t4U2_1Wv_normal.jpg,http://pbs.twimg.com/profile_images/1015728277896323072/t4U2_1Wv_bigger.jpg,http://pbs.twimg.com/profile_images/1015728277896323072/t4U2_1Wv_mini.jpg,http://pbs.twimg.com/profile_images/1015728277896323072/t4U2_1Wv.jpg,"(240, 240)",240,240
chocoTaco,http://pbs.twimg.com/profile_images/1014773222099836929/Yzz28xvj_normal.jpg,http://pbs.twimg.com/profile_images/1014773222099836929/Yzz28xvj_bigger.jpg,http://pbs.twimg.com/profile_images/1014773222099836929/Yzz28xvj_mini.jpg,http://pbs.twimg.com/profile_images/1014773222099836929/Yzz28xvj.jpg,"(800, 800)",800,800
Amouranth,http://pbs.twimg.com/profile_images/1038692008720719877/X7uKFWQc_normal.jpg,http://pbs.twimg.com/profile_images/1038692008720719877/X7uKFWQc_bigger.jpg,http://pbs.twimg.com/profile_images/1038692008720719877/X7uKFWQc_mini.jpg,http://pbs.twimg.com/profile_images/1038692008720719877/X7uKFWQc.jpg,"(512, 512)",512,512
UberHaxorNova,http://pbs.twimg.com/profile_images/806976614575718404/9piCwMDG_normal.jpg,http://pbs.twimg.com/profile_images/806976614575718404/9piCwMDG_bigger.jpg,http://pbs.twimg.com/profile_images/806976614575718404/9piCwMDG_mini.jpg,http://pbs.twimg.com/profile_images/806976614575718404/9piCwMDG.jpg,"(512, 512)",512,512
GiantWaffle,http://pbs.twimg.com/profile_images/1268196558744563713/9veirSh3_normal.jpg,http://pbs.twimg.com/profile_images/1268196558744563713/9veirSh3_bigger.jpg,http://pbs.twimg.com/profile_images/1268196558744563713/9veirSh3_mini.jpg,http://pbs.twimg.com/profile_images/1268196558744563713/9veirSh3.jpg,"(400, 400)",400,400
Imaqtpielol,http://pbs.twimg.com/profile_images/803447647948390400/Vz1Be0Xz_normal.jpg,http://pbs.twimg.com/profile_images/803447647948390400/Vz1Be0Xz_bigger.jpg,http://pbs.twimg.com/profile_images/803447647948390400/Vz1Be0Xz_mini.jpg,http://pbs.twimg.com/profile_images/803447647948390400/Vz1Be0Xz.jpg,"(240, 240)",240,240
x2twins,http://pbs.twimg.com/profile_images/1236874450701713408/C9ECMo5F_normal.jpg,http://pbs.twimg.com/profile_images/1236874450701713408/C9ECMo5F_bigger.jpg,http://pbs.twimg.com/profile_images/1236874450701713408/C9ECMo5F_mini.jpg,http://pbs.twimg.com/profile_images/1236874450701713408/C9ECMo5F.jpg,"(400, 400)",400,400
AntonFromYT,http://pbs.twimg.com/profile_images/1403561062893428738/QErM8ijN_normal.jpg,http://pbs.twimg.com/profile_images/1403561062893428738/QErM8ijN_bigger.jpg,http://pbs.twimg.com/profile_images/1403561062893428738/QErM8ijN_mini.jpg,http://pbs.twimg.com/profile_images/1403561062893428738/QErM8ijN.jpg,"(400, 400)",400,400
benjyfishy,http://pbs.twimg.com/profile_images/1230365640378257408/Y7uQMqXq_normal.jpg,http://pbs.twimg.com/profile_images/1230365640378257408/Y7uQMqXq_bigger.jpg,http://pbs.twimg.com/profile_images/1230365640378257408/Y7uQMqXq_mini.jpg,http://pbs.twimg.com/profile_images/1230365640378257408/Y7uQMqXq.jpg,"(400, 400)",400,400
Jinnytty1,http://pbs.twimg.com/profile_images/1239138693438484480/AzG2TmbI_normal.jpg,http://pbs.twimg.com/profile_images/1239138693438484480/AzG2TmbI_bigger.jpg,http://pbs.twimg.com/profile_images/1239138693438484480/AzG2TmbI_mini.jpg,http://pbs.twimg.com/profile_images/1239138693438484480/AzG2TmbI.jpg,"(400, 400)",400,400
MathilExists,http://pbs.twimg.com/profile_images/1310521956819640324/6AmW-n4d_normal.jpg,http://pbs.twimg.com/profile_images/1310521956819640324/6AmW-n4d_bigger.jpg,http://pbs.twimg.com/profile_images/1310521956819640324/6AmW-n4d_mini.jpg,http://pbs.twimg.com/profile_images/1310521956819640324/6AmW-n4d.jpg,"(400, 400)",400,400
Greekgodx,http://pbs.twimg.com/profile_images/1437132459884351495/6ZLcAiB3_normal.jpg,http://pbs.twimg.com/profile_images/1437132459884351495/6ZLcAiB3_bigger.jpg,http://pbs.twimg.com/profile_images/1437132459884351495/6ZLcAiB3_mini.jpg,http://pbs.twimg.com/profile_images/1437132459884351495/6ZLcAiB3.jpg,"(400, 400)",400,400
diegosaurs,http://pbs.twimg.com/profile_images/1487096874691563526/KMBb7ANY_normal.jpg,http://pbs.twimg.com/profile_images/1487096874691563526/KMBb7ANY_bigger.jpg,http://pbs.twimg.com/profile_images/1487096874691563526/KMBb7ANY_mini.jpg,http://pbs.twimg.com/profile_images/1487096874691563526/KMBb7ANY.jpg,"(400, 400)",400,400
Nick28T,http://pbs.twimg.com/profile_images/1132102197410328577/S63YzEQ-_normal.png,http://pbs.twimg.com/profile_images/1132102197410328577/S63YzEQ-_bigger.png,http://pbs.twimg.com/profile_images/1132102197410328577/S63YzEQ-_mini.png,http://pbs.twimg.com/profile_images/1132102197410328577/S63YzEQ-.png,"(512, 512)",512,512
GMHikaru,http://pbs.twimg.com/profile_images/1370552383151828995/k0xtMmPB_normal.jpg,http://pbs.twimg.com/profile_images/1370552383151828995/k0xtMmPB_bigger.jpg,http://pbs.twimg.com/profile_images/1370552383151828995/k0xtMmPB_mini.jpg,http://pbs.twimg.com/profile_images/1370552383151828995/k0xtMmPB.jpg,"(400, 400)",400,400
ChapFN,http://pbs.twimg.com/profile_images/1443731780897550339/07vxM9JG_normal.png,http://pbs.twimg.com/profile_images/1443731780897550339/07vxM9JG_bigger.png,http://pbs.twimg.com/profile_images/1443731780897550339/07vxM9JG_mini.png,http://pbs.twimg.com/profile_images/1443731780897550339/07vxM9JG.png,"(224, 224)",224,224
Kleanisklean,http://pbs.twimg.com/profile_images/1448748674239148035/QWpjVOIf_normal.jpg,http://pbs.twimg.com/profile_images/1448748674239148035/QWpjVOIf_bigger.jpg,http://pbs.twimg.com/profile_images/1448748674239148035/QWpjVOIf_mini.jpg,http://pbs.twimg.com/profile_images/1448748674239148035/QWpjVOIf.jpg,"(400, 400)",400,400
Gladd,http://pbs.twimg.com/profile_images/1197203812517236742/Edt49hgp_normal.jpg,http://pbs.twimg.com/profile_images/1197203812517236742/Edt49hgp_bigger.jpg,http://pbs.twimg.com/profile_images/1197203812517236742/Edt49hgp_mini.jpg,http://pbs.twimg.com/profile_images/1197203812517236742/Edt49hgp.jpg,"(400, 400)",400,400
VinnyVinesauce,http://pbs.twimg.com/profile_images/1216843043967586308/3mO4B_29_normal.jpg,http://pbs.twimg.com/profile_images/1216843043967586308/3mO4B_29_bigger.jpg,http://pbs.twimg.com/profile_images/1216843043967586308/3mO4B_29_mini.jpg,http://pbs.twimg.com/profile_images/1216843043967586308/3mO4B_29.jpg,"(400, 400)",400,400
G2Rdu,http://pbs.twimg.com/profile_images/1228628101573304320/1FcG8ZMj_normal.jpg,http://pbs.twimg.com/profile_images/1228628101573304320/1FcG8ZMj_bigger.jpg,http://pbs.twimg.com/profile_images/1228628101573304320/1FcG8ZMj_mini.jpg,http://pbs.twimg.com/profile_images/1228628101573304320/1FcG8ZMj.jpg,"(400, 400)",400,400
Hiko,http://pbs.twimg.com/profile_images/1393690925168304131/zUd0V_x2_normal.jpg,http://pbs.twimg.com/profile_images/1393690925168304131/zUd0V_x2_bigger.jpg,http://pbs.twimg.com/profile_images/1393690925168304131/zUd0V_x2_mini.jpg,http://pbs.twimg.com/profile_images/1393690925168304131/zUd0V_x2.jpg,"(400, 400)",400,400
FENGRUSH,http://pbs.twimg.com/profile_images/864622497672568832/Q-03Y2Ua_normal.jpg,http://pbs.twimg.com/profile_images/864622497672568832/Q-03Y2Ua_bigger.jpg,http://pbs.twimg.com/profile_images/864622497672568832/Q-03Y2Ua_mini.jpg,http://pbs.twimg.com/profile_images/864622497672568832/Q-03Y2Ua.jpg,"(512, 512)",512,512
72hrs,http://pbs.twimg.com/profile_images/1486811396897714177/F02IhyA8_normal.jpg,http://pbs.twimg.com/profile_images/1486811396897714177/F02IhyA8_bigger.jpg,http://pbs.twimg.com/profile_images/1486811396897714177/F02IhyA8_mini.jpg,http://pbs.twimg.com/profile_images/1486811396897714177/F02IhyA8.jpg,"(400, 400)",400,400
JoshOG,http://pbs.twimg.com/profile_images/1455338907474673664/2-fPim6T_normal.jpg,http://pbs.twimg.com/profile_images/1455338907474673664/2-fPim6T_bigger.jpg,http://pbs.twimg.com/profile_images/1455338907474673664/2-fPim6T_mini.jpg,http://pbs.twimg.com/profile_images/1455338907474673664/2-fPim6T.jpg,"(400, 400)",400,400
B0aty,http://pbs.twimg.com/profile_images/1477416507902676992/sImZ2jMT_normal.jpg,http://pbs.twimg.com/profile_images/1477416507902676992/sImZ2jMT_bigger.jpg,http://pbs.twimg.com/profile_images/1477416507902676992/sImZ2jMT_mini.jpg,http://pbs.twimg.com/profile_images/1477416507902676992/sImZ2jMT.jpg,"(400, 400)",400,400
AustinOnTwitter,http://pbs.twimg.com/profile_images/1370240834390564865/nOcH9dU8_normal.jpg,http://pbs.twimg.com/profile_images/1370240834390564865/nOcH9dU8_bigger.jpg,http://pbs.twimg.com/profile_images/1370240834390564865/nOcH9dU8_mini.jpg,http://pbs.twimg.com/profile_images/1370240834390564865/nOcH9dU8.jpg,"(400, 400)",400,400
39daph,http://pbs.twimg.com/profile_images/1407197033690124296/teodxYbJ_normal.jpg,http://pbs.twimg.com/profile_images/1407197033690124296/teodxYbJ_bigger.jpg,http://pbs.twimg.com/profile_images/1407197033690124296/teodxYbJ_mini.jpg,http://pbs.twimg.com/profile_images/1407197033690124296/teodxYbJ.jpg,"(400, 400)",400,400
scump,http://pbs.twimg.com/profile_images/1246911578160717825/3JWNrVY8_normal.jpg,http://pbs.twimg.com/profile_images/1246911578160717825/3JWNrVY8_bigger.jpg,http://pbs.twimg.com/profile_images/1246911578160717825/3JWNrVY8_mini.jpg,http://pbs.twimg.com/profile_images/1246911578160717825/3JWNrVY8.jpg,"(400, 400)",400,400
kylenotskyler,http://pbs.twimg.com/profile_images/854005104781004800/R57Jxj7y_normal.jpg,http://pbs.twimg.com/profile_images/854005104781004800/R57Jxj7y_bigger.jpg,http://pbs.twimg.com/profile_images/854005104781004800/R57Jxj7y_mini.jpg,http://pbs.twimg.com/profile_images/854005104781004800/R57Jxj7y.jpg,"(400, 400)",400,400
aydan,http://pbs.twimg.com/profile_images/1420103231225704452/m6dor115_normal.jpg,http://pbs.twimg.com/profile_images/1420103231225704452/m6dor115_bigger.jpg,http://pbs.twimg.com/profile_images/1420103231225704452/m6dor115_mini.jpg,http://pbs.twimg.com/profile_images/1420103231225704452/m6dor115.jpg,"(300, 400)",300,400
Mongraal,http://pbs.twimg.com/profile_images/1487988748377899008/s9W_2Lgb_normal.jpg,http://pbs.twimg.com/profile_images/1487988748377899008/s9W_2Lgb_bigger.jpg,http://pbs.twimg.com/profile_images/1487988748377899008/s9W_2Lgb_mini.jpg,http://pbs.twimg.com/profile_images/1487988748377899008/s9W_2Lgb.jpg,"(400, 400)",400,400
EmadGG,http://pbs.twimg.com/profile_images/1487184955406962695/U1m5nTsY_normal.jpg,http://pbs.twimg.com/profile_images/1487184955406962695/U1m5nTsY_bigger.jpg,http://pbs.twimg.com/profile_images/1487184955406962695/U1m5nTsY_mini.jpg,http://pbs.twimg.com/profile_images/1487184955406962695/U1m5nTsY.jpg,"(400, 400)",400,400
LilyPichu,http://pbs.twimg.com/profile_images/1447784687322034176/aWz4rxkY_normal.jpg,http://pbs.twimg.com/profile_images/1447784687322034176/aWz4rxkY_bigger.jpg,http://pbs.twimg.com/profile_images/1447784687322034176/aWz4rxkY_mini.jpg,http://pbs.twimg.com/profile_images/1447784687322034176/aWz4rxkY.jpg,"(400, 400)",400,400
KingGeorge,http://pbs.twimg.com/profile_images/1403418673130450949/h2vNCYRH_normal.jpg,http://pbs.twimg.com/profile_images/1403418673130450949/h2vNCYRH_bigger.jpg,http://pbs.twimg.com/profile_images/1403418673130450949/h2vNCYRH_mini.jpg,http://pbs.twimg.com/profile_images/1403418673130450949/h2vNCYRH.jpg,"(399, 399)",399,399
Zizaran,http://pbs.twimg.com/profile_images/1118508592955568128/9rQa_CeS_normal.jpg,http://pbs.twimg.com/profile_images/1118508592955568128/9rQa_CeS_bigger.jpg,http://pbs.twimg.com/profile_images/1118508592955568128/9rQa_CeS_mini.jpg,http://pbs.twimg.com/profile_images/1118508592955568128/9rQa_CeS.jpg,"(1359, 1359)",1359,1359
LSXYZ9,http://pbs.twimg.com/profile_images/1466206331434459138/SK2ZG6Jb_normal.jpg,http://pbs.twimg.com/profile_images/1466206331434459138/SK2ZG6Jb_bigger.jpg,http://pbs.twimg.com/profile_images/1466206331434459138/SK2ZG6Jb_mini.jpg,http://pbs.twimg.com/profile_images/1466206331434459138/SK2ZG6Jb.jpg,"(400, 400)",400,400
ImperialHal,http://pbs.twimg.com/profile_images/1486107984128323593/O9GSUPlV_normal.jpg,http://pbs.twimg.com/profile_images/1486107984128323593/O9GSUPlV_bigger.jpg,http://pbs.twimg.com/profile_images/1486107984128323593/O9GSUPlV_mini.jpg,http://pbs.twimg.com/profile_images/1486107984128323593/O9GSUPlV.jpg,"(400, 400)",400,400
towelthetank,http://pbs.twimg.com/profile_images/1192312109377314816/EU_joyVG_normal.jpg,http://pbs.twimg.com/profile_images/1192312109377314816/EU_joyVG_bigger.jpg,http://pbs.twimg.com/profile_images/1192312109377314816/EU_joyVG_mini.jpg,http://pbs.twimg.com/profile_images/1192312109377314816/EU_joyVG.jpg,"(400, 400)",400,400
followgrubby,http://pbs.twimg.com/profile_images/1324726233209446400/DEF-YMPB_normal.jpg,http://pbs.twimg.com/profile_images/1324726233209446400/DEF-YMPB_bigger.jpg,http://pbs.twimg.com/profile_images/1324726233209446400/DEF-YMPB_mini.jpg,http://pbs.twimg.com/profile_images/1324726233209446400/DEF-YMPB.jpg,"(400, 400)",400,400
IWDominateLoL,http://pbs.twimg.com/profile_images/1259557454842458114/U_7XVYf0_normal.jpg,http://pbs.twimg.com/profile_images/1259557454842458114/U_7XVYf0_bigger.jpg,http://pbs.twimg.com/profile_images/1259557454842458114/U_7XVYf0_mini.jpg,http://pbs.twimg.com/profile_images/1259557454842458114/U_7XVYf0.jpg,"(400, 400)",400,400
Nadeshot,http://pbs.twimg.com/profile_images/1449541261212336134/UzFQMWBF_normal.jpg,http://pbs.twimg.com/profile_images/1449541261212336134/UzFQMWBF_bigger.jpg,http://pbs.twimg.com/profile_images/1449541261212336134/UzFQMWBF_mini.jpg,http://pbs.twimg.com/profile_images/1449541261212336134/UzFQMWBF.jpg,"(400, 400)",400,400
Thebuddha_3,http://pbs.twimg.com/profile_images/1421008625095647234/Vfg52xtV_normal.jpg,http://pbs.twimg.com/profile_images/1421008625095647234/Vfg52xtV_bigger.jpg,http://pbs.twimg.com/profile_images/1421008625095647234/Vfg52xtV_mini.jpg,http://pbs.twimg.com/profile_images/1421008625095647234/Vfg52xtV.jpg,"(400, 400)",400,400
Deadlyslob,http://pbs.twimg.com/profile_images/1476162949261713417/OWwpWk4D_normal.jpg,http://pbs.twimg.com/profile_images/1476162949261713417/OWwpWk4D_bigger.jpg,http://pbs.twimg.com/profile_images/1476162949261713417/OWwpWk4D_mini.jpg,http://pbs.twimg.com/profile_images/1476162949261713417/OWwpWk4D.jpg,"(400, 400)",400,400
nmplol,http://pbs.twimg.com/profile_images/1321552678372155395/tpeJF_fY_normal.jpg,http://pbs.twimg.com/profile_images/1321552678372155395/tpeJF_fY_bigger.jpg,http://pbs.twimg.com/profile_images/1321552678372155395/tpeJF_fY_mini.jpg,http://pbs.twimg.com/profile_images/1321552678372155395/tpeJF_fY.jpg,"(400, 400)",400,400
Sequisha,http://pbs.twimg.com/profile_images/1358455070430478344/XZY8AJC9_normal.jpg,http://pbs.twimg.com/profile_images/1358455070430478344/XZY8AJC9_bigger.jpg,http://pbs.twimg.com/profile_images/1358455070430478344/XZY8AJC9_mini.jpg,http://pbs.twimg.com/profile_images/1358455070430478344/XZY8AJC9.jpg,"(400, 400)",400,400
HusKerrs,http://pbs.twimg.com/profile_images/1434318262116913160/lVon3FxU_normal.jpg,http://pbs.twimg.com/profile_images/1434318262116913160/lVon3FxU_bigger.jpg,http://pbs.twimg.com/profile_images/1434318262116913160/lVon3FxU_mini.jpg,http://pbs.twimg.com/profile_images/1434318262116913160/lVon3FxU.jpg,"(400, 400)",400,400
Shiphtur,http://pbs.twimg.com/profile_images/1079598346057146369/Uig8Ntwe_normal.jpg,http://pbs.twimg.com/profile_images/1079598346057146369/Uig8Ntwe_bigger.jpg,http://pbs.twimg.com/profile_images/1079598346057146369/Uig8Ntwe_mini.jpg,http://pbs.twimg.com/profile_images/1079598346057146369/Uig8Ntwe.jpg,"(400, 400)",400,400
DKBarbarian,http://pbs.twimg.com/profile_images/1359352630045257731/2phTdTLC_normal.jpg,http://pbs.twimg.com/profile_images/1359352630045257731/2phTdTLC_bigger.jpg,http://pbs.twimg.com/profile_images/1359352630045257731/2phTdTLC_mini.jpg,http://pbs.twimg.com/profile_images/1359352630045257731/2phTdTLC.jpg,"(400, 400)",400,400
MoistCr1TiKaL,http://pbs.twimg.com/profile_images/873233421992112129/TwalrDiR_normal.jpg,http://pbs.twimg.com/profile_images/873233421992112129/TwalrDiR_bigger.jpg,http://pbs.twimg.com/profile_images/873233421992112129/TwalrDiR_mini.jpg,http://pbs.twimg.com/profile_images/873233421992112129/TwalrDiR.jpg,"(512, 512)",512,512
RushLoL,http://pbs.twimg.com/profile_images/1098650520875458560/LxraIpAz_normal.png,http://pbs.twimg.com/profile_images/1098650520875458560/LxraIpAz_bigger.png,http://pbs.twimg.com/profile_images/1098650520875458560/LxraIpAz_mini.png,http://pbs.twimg.com/profile_images/1098650520875458560/LxraIpAz.png,"(512, 512)",512,512
LosPollosTV,http://pbs.twimg.com/profile_images/1297719190510612482/jKFoP3Sm_normal.jpg,http://pbs.twimg.com/profile_images/1297719190510612482/jKFoP3Sm_bigger.jpg,http://pbs.twimg.com/profile_images/1297719190510612482/jKFoP3Sm_mini.jpg,http://pbs.twimg.com/profile_images/1297719190510612482/jKFoP3Sm.jpg,"(400, 400)",400,400
Voyboy,http://pbs.twimg.com/profile_images/1420248146282573829/COqArY5v_normal.jpg,http://pbs.twimg.com/profile_images/1420248146282573829/COqArY5v_bigger.jpg,http://pbs.twimg.com/profile_images/1420248146282573829/COqArY5v_mini.jpg,http://pbs.twimg.com/profile_images/1420248146282573829/COqArY5v.jpg,"(400, 400)",400,400
DatModz,http://pbs.twimg.com/profile_images/1017625544148574208/Yu8eCdrj_normal.jpg,http://pbs.twimg.com/profile_images/1017625544148574208/Yu8eCdrj_bigger.jpg,http://pbs.twimg.com/profile_images/1017625544148574208/Yu8eCdrj_mini.jpg,http://pbs.twimg.com/profile_images/1017625544148574208/Yu8eCdrj.jpg,"(400, 400)",400,400
dafran,http://pbs.twimg.com/profile_images/1057215835931115521/I3ktulFJ_normal.jpg,http://pbs.twimg.com/profile_images/1057215835931115521/I3ktulFJ_bigger.jpg,http://pbs.twimg.com/profile_images/1057215835931115521/I3ktulFJ_mini.jpg,http://pbs.twimg.com/profile_images/1057215835931115521/I3ktulFJ.jpg,"(240, 240)",240,240
Aurateur,http://pbs.twimg.com/profile_images/1149413371743260672/Iy0cHaSw_normal.png,http://pbs.twimg.com/profile_images/1149413371743260672/Iy0cHaSw_bigger.png,http://pbs.twimg.com/profile_images/1149413371743260672/Iy0cHaSw_mini.png,http://pbs.twimg.com/profile_images/1149413371743260672/Iy0cHaSw.png,"(240, 240)",240,240
pokelawls,http://pbs.twimg.com/profile_images/1254131648792268803/vfXBlr9K_normal.jpg,http://pbs.twimg.com/profile_images/1254131648792268803/vfXBlr9K_bigger.jpg,http://pbs.twimg.com/profile_images/1254131648792268803/vfXBlr9K_mini.jpg,http://pbs.twimg.com/profile_images/1254131648792268803/vfXBlr9K.jpg,"(400, 400)",400,400
A_Seagull,http://pbs.twimg.com/profile_images/820155991995973632/jYqtapXZ_normal.jpg,http://pbs.twimg.com/profile_images/820155991995973632/jYqtapXZ_bigger.jpg,http://pbs.twimg.com/profile_images/820155991995973632/jYqtapXZ_mini.jpg,http://pbs.twimg.com/profile_images/820155991995973632/jYqtapXZ.jpg,"(194, 194)",194,194
ItsKoil,http://pbs.twimg.com/profile_images/1299286101165617152/KeQK6xce_normal.png,http://pbs.twimg.com/profile_images/1299286101165617152/KeQK6xce_bigger.png,http://pbs.twimg.com/profile_images/1299286101165617152/KeQK6xce_mini.png,http://pbs.twimg.com/profile_images/1299286101165617152/KeQK6xce.png,"(256, 256)",256,256
itshafu,http://pbs.twimg.com/profile_images/2308342583/BLCavatar_normal.jpg,http://pbs.twimg.com/profile_images/2308342583/BLCavatar_bigger.jpg,http://pbs.twimg.com/profile_images/2308342583/BLCavatar_mini.jpg,http://pbs.twimg.com/profile_images/2308342583/BLCavatar.jpg,"(256, 256)",256,256
Loeya,http://pbs.twimg.com/profile_images/1487435141408514049/L0Xe_s6-_normal.jpg,http://pbs.twimg.com/profile_images/1487435141408514049/L0Xe_s6-_bigger.jpg,http://pbs.twimg.com/profile_images/1487435141408514049/L0Xe_s6-_mini.jpg,http://pbs.twimg.com/profile_images/1487435141408514049/L0Xe_s6-.jpg,"(400, 400)",400,400
payowow,http://pbs.twimg.com/profile_images/1256938770848497665/wDTMwkXC_normal.jpg,http://pbs.twimg.com/profile_images/1256938770848497665/wDTMwkXC_bigger.jpg,http://pbs.twimg.com/profile_images/1256938770848497665/wDTMwkXC_mini.jpg,http://pbs.twimg.com/profile_images/1256938770848497665/wDTMwkXC.jpg,"(400, 400)",400,400
TR_Shotz,http://pbs.twimg.com/profile_images/1415776697295810560/kw8VGpKJ_normal.jpg,http://pbs.twimg.com/profile_images/1415776697295810560/kw8VGpKJ_bigger.jpg,http://pbs.twimg.com/profile_images/1415776697295810560/kw8VGpKJ_mini.jpg,http://pbs.twimg.com/profile_images/1415776697295810560/kw8VGpKJ.jpg,"(400, 400)",400,400
m0xyOW,http://pbs.twimg.com/profile_images/1477212556439736324/nHFbAT7d_normal.jpg,http://pbs.twimg.com/profile_images/1477212556439736324/nHFbAT7d_bigger.jpg,http://pbs.twimg.com/profile_images/1477212556439736324/nHFbAT7d_mini.jpg,http://pbs.twimg.com/profile_images/1477212556439736324/nHFbAT7d.jpg,"(400, 400)",400,400
LexVeldhuis,http://pbs.twimg.com/profile_images/1267827810590056449/rjzPwfiT_normal.jpg,http://pbs.twimg.com/profile_images/1267827810590056449/rjzPwfiT_bigger.jpg,http://pbs.twimg.com/profile_images/1267827810590056449/rjzPwfiT_mini.jpg,http://pbs.twimg.com/profile_images/1267827810590056449/rjzPwfiT.jpg,"(400, 400)",400,400
NateHillTV,http://pbs.twimg.com/profile_images/1453880464838701059/twpjCZM8_normal.jpg,http://pbs.twimg.com/profile_images/1453880464838701059/twpjCZM8_bigger.jpg,http://pbs.twimg.com/profile_images/1453880464838701059/twpjCZM8_mini.jpg,http://pbs.twimg.com/profile_images/1453880464838701059/twpjCZM8.jpg,"(400, 400)",400,400
emonggtv,http://pbs.twimg.com/profile_images/1355247925086056463/FwV-_A7r_normal.jpg,http://pbs.twimg.com/profile_images/1355247925086056463/FwV-_A7r_bigger.jpg,http://pbs.twimg.com/profile_images/1355247925086056463/FwV-_A7r_mini.jpg,http://pbs.twimg.com/profile_images/1355247925086056463/FwV-_A7r.jpg,"(400, 400)",400,400
fl0mtv,http://pbs.twimg.com/profile_images/1181716089677287424/uyigr8v7_normal.jpg,http://pbs.twimg.com/profile_images/1181716089677287424/uyigr8v7_bigger.jpg,http://pbs.twimg.com/profile_images/1181716089677287424/uyigr8v7_mini.jpg,http://pbs.twimg.com/profile_images/1181716089677287424/uyigr8v7.jpg,"(400, 400)",400,400
coL_Asmodai,http://pbs.twimg.com/profile_images/1481657724773543941/3iBCDcgy_normal.jpg,http://pbs.twimg.com/profile_images/1481657724773543941/3iBCDcgy_bigger.jpg,http://pbs.twimg.com/profile_images/1481657724773543941/3iBCDcgy_mini.jpg,http://pbs.twimg.com/profile_images/1481657724773543941/3iBCDcgy.jpg,"(400, 400)",400,400
MrGrimmmmz,http://pbs.twimg.com/profile_images/1249315284927672320/-CJ3NEVk_normal.jpg,http://pbs.twimg.com/profile_images/1249315284927672320/-CJ3NEVk_bigger.jpg,http://pbs.twimg.com/profile_images/1249315284927672320/-CJ3NEVk_mini.jpg,http://pbs.twimg.com/profile_images/1249315284927672320/-CJ3NEVk.jpg,"(400, 400)",400,400
0BurkeBlack0,http://pbs.twimg.com/profile_images/1272871527113994240/C6FMvJX0_normal.jpg,http://pbs.twimg.com/profile_images/1272871527113994240/C6FMvJX0_bigger.jpg,http://pbs.twimg.com/profile_images/1272871527113994240/C6FMvJX0_mini.jpg,http://pbs.twimg.com/profile_images/1272871527113994240/C6FMvJX0.jpg,"(400, 400)",400,400
Trick2g,http://pbs.twimg.com/profile_images/1178728823937847297/Vm3UKvoe_normal.jpg,http://pbs.twimg.com/profile_images/1178728823937847297/Vm3UKvoe_bigger.jpg,http://pbs.twimg.com/profile_images/1178728823937847297/Vm3UKvoe_mini.jpg,http://pbs.twimg.com/profile_images/1178728823937847297/Vm3UKvoe.jpg,"(400, 400)",400,400
FormaL,http://pbs.twimg.com/profile_images/899467334649344003/3k_bojps_normal.jpg,http://pbs.twimg.com/profile_images/899467334649344003/3k_bojps_bigger.jpg,http://pbs.twimg.com/profile_images/899467334649344003/3k_bojps_mini.jpg,http://pbs.twimg.com/profile_images/899467334649344003/3k_bojps.jpg,"(1024, 1024)",1024,1024
ANGRYPUG,http://pbs.twimg.com/profile_images/1477700928618721283/oLKhu7I0_normal.jpg,http://pbs.twimg.com/profile_images/1477700928618721283/oLKhu7I0_bigger.jpg,http://pbs.twimg.com/profile_images/1477700928618721283/oLKhu7I0_mini.jpg,http://pbs.twimg.com/profile_images/1477700928618721283/oLKhu7I0.jpg,"(400, 400)",400,400
ShivFPS,http://pbs.twimg.com/profile_images/1319005594662162440/GkM1SMy0_normal.jpg,http://pbs.twimg.com/profile_images/1319005594662162440/GkM1SMy0_bigger.jpg,http://pbs.twimg.com/profile_images/1319005594662162440/GkM1SMy0_mini.jpg,http://pbs.twimg.com/profile_images/1319005594662162440/GkM1SMy0.jpg,"(400, 400)",400,400
Distortion_2,http://pbs.twimg.com/profile_images/1145084267455811584/w3zPQZfL_normal.jpg,http://pbs.twimg.com/profile_images/1145084267455811584/w3zPQZfL_bigger.jpg,http://pbs.twimg.com/profile_images/1145084267455811584/w3zPQZfL_mini.jpg,http://pbs.twimg.com/profile_images/1145084267455811584/w3zPQZfL.jpg,"(400, 400)",400,400
BoxBox,http://pbs.twimg.com/profile_images/1435789457542709248/sorb6JkH_normal.jpg,http://pbs.twimg.com/profile_images/1435789457542709248/sorb6JkH_bigger.jpg,http://pbs.twimg.com/profile_images/1435789457542709248/sorb6JkH_mini.jpg,http://pbs.twimg.com/profile_images/1435789457542709248/sorb6JkH.jpg,"(197, 197)",197,197
SingSing,http://pbs.twimg.com/profile_images/1478832988217561101/0AbQTPIB_normal.jpg,http://pbs.twimg.com/profile_images/1478832988217561101/0AbQTPIB_bigger.jpg,http://pbs.twimg.com/profile_images/1478832988217561101/0AbQTPIB_mini.jpg,http://pbs.twimg.com/profile_images/1478832988217561101/0AbQTPIB.jpg,"(400, 400)",400,400
bateson87,http://pbs.twimg.com/profile_images/1283041471545909250/59b3Mbar_normal.jpg,http://pbs.twimg.com/profile_images/1283041471545909250/59b3Mbar_bigger.jpg,http://pbs.twimg.com/profile_images/1283041471545909250/59b3Mbar_mini.jpg,http://pbs.twimg.com/profile_images/1283041471545909250/59b3Mbar.jpg,"(400, 400)",400,400
nymnion,http://pbs.twimg.com/profile_images/1152626151505977344/UJDj5jI2_normal.jpg,http://pbs.twimg.com/profile_images/1152626151505977344/UJDj5jI2_bigger.jpg,http://pbs.twimg.com/profile_images/1152626151505977344/UJDj5jI2_mini.jpg,http://pbs.twimg.com/profile_images/1152626151505977344/UJDj5jI2.jpg,"(400, 400)",400,400
The_Happy_Hob,http://pbs.twimg.com/profile_images/1467323053508026372/yEtK43kN_normal.jpg,http://pbs.twimg.com/profile_images/1467323053508026372/yEtK43kN_bigger.jpg,http://pbs.twimg.com/profile_images/1467323053508026372/yEtK43kN_mini.jpg,http://pbs.twimg.com/profile_images/1467323053508026372/yEtK43kN.jpg,"(300, 300)",300,300
jakenbakeLIVE,http://pbs.twimg.com/profile_images/1231501166732697600/6Fq5HSdq_normal.jpg,http://pbs.twimg.com/profile_images/1231501166732697600/6Fq5HSdq_bigger.jpg,http://pbs.twimg.com/profile_images/1231501166732697600/6Fq5HSdq_mini.jpg,http://pbs.twimg.com/profile_images/1231501166732697600/6Fq5HSdq.jpg,"(400, 400)",400,400
Syndicate,http://pbs.twimg.com/profile_images/1458040723874406407/qB-uGU9h_normal.jpg,http://pbs.twimg.com/profile_images/1458040723874406407/qB-uGU9h_bigger.jpg,http://pbs.twimg.com/profile_images/1458040723874406407/qB-uGU9h_mini.jpg,http://pbs.twimg.com/profile_images/1458040723874406407/qB-uGU9h.jpg,"(400, 400)",400,400
alexandravbotez,http://pbs.twimg.com/profile_images/1159665805585309696/Y_C3deET_normal.jpg,http://pbs.twimg.com/profile_images/1159665805585309696/Y_C3deET_bigger.jpg,http://pbs.twimg.com/profile_images/1159665805585309696/Y_C3deET_mini.jpg,http://pbs.twimg.com/profile_images/1159665805585309696/Y_C3deET.jpg,"(400, 400)",400,400
PENTA_live,http://pbs.twimg.com/profile_images/1481409530470838273/bwibU8vo_normal.jpg,http://pbs.twimg.com/profile_images/1481409530470838273/bwibU8vo_bigger.jpg,http://pbs.twimg.com/profile_images/1481409530470838273/bwibU8vo_mini.jpg,http://pbs.twimg.com/profile_images/1481409530470838273/bwibU8vo.jpg,"(400, 400)",400,400
Sykkuno,http://pbs.twimg.com/profile_images/1433671054820462594/l1tHfYwb_normal.jpg,http://pbs.twimg.com/profile_images/1433671054820462594/l1tHfYwb_bigger.jpg,http://pbs.twimg.com/profile_images/1433671054820462594/l1tHfYwb_mini.jpg,http://pbs.twimg.com/profile_images/1433671054820462594/l1tHfYwb.jpg,"(400, 400)",400,400
Jerma985,http://pbs.twimg.com/profile_images/803601382943162368/F36Z7ypy_normal.jpg,http://pbs.twimg.com/profile_images/803601382943162368/F36Z7ypy_bigger.jpg,http://pbs.twimg.com/profile_images/803601382943162368/F36Z7ypy_mini.jpg,http://pbs.twimg.com/profile_images/803601382943162368/F36Z7ypy.jpg,"(400, 400)",400,400
aDrive_tK,http://pbs.twimg.com/profile_images/1483444554099568650/U16zT_v0_normal.jpg,http://pbs.twimg.com/profile_images/1483444554099568650/U16zT_v0_bigger.jpg,http://pbs.twimg.com/profile_images/1483444554099568650/U16zT_v0_mini.jpg,http://pbs.twimg.com/profile_images/1483444554099568650/U16zT_v0.jpg,"(400, 400)",400,400
cyr,http://pbs.twimg.com/profile_images/1345809688298975239/FmDajhCn_normal.jpg,http://pbs.twimg.com/profile_images/1345809688298975239/FmDajhCn_bigger.jpg,http://pbs.twimg.com/profile_images/1345809688298975239/FmDajhCn_mini.jpg,http://pbs.twimg.com/profile_images/1345809688298975239/FmDajhCn.jpg,"(400, 400)",400,400
MrSavage,http://pbs.twimg.com/profile_images/1450039547446931460/WsagIKDT_normal.jpg,http://pbs.twimg.com/profile_images/1450039547446931460/WsagIKDT_bigger.jpg,http://pbs.twimg.com/profile_images/1450039547446931460/WsagIKDT_mini.jpg,http://pbs.twimg.com/profile_images/1450039547446931460/WsagIKDT.jpg,"(400, 400)",400,400
Northernlion,http://pbs.twimg.com/profile_images/2236512789/ChannelIcon_normal.png,http://pbs.twimg.com/profile_images/2236512789/ChannelIcon_bigger.png,http://pbs.twimg.com/profile_images/2236512789/ChannelIcon_mini.png,http://pbs.twimg.com/profile_images/2236512789/ChannelIcon.png,"(500, 499)",500,499
Mendo,http://pbs.twimg.com/profile_images/1480467936586330114/P4vJnx_H_normal.jpg,http://pbs.twimg.com/profile_images/1480467936586330114/P4vJnx_H_bigger.jpg,http://pbs.twimg.com/profile_images/1480467936586330114/P4vJnx_H_mini.jpg,http://pbs.twimg.com/profile_images/1480467936586330114/P4vJnx_H.jpg,"(237, 237)",237,237
Sliker,http://pbs.twimg.com/profile_images/1470193754422325251/6L71dk8F_normal.jpg,http://pbs.twimg.com/profile_images/1470193754422325251/6L71dk8F_bigger.jpg,http://pbs.twimg.com/profile_images/1470193754422325251/6L71dk8F_mini.jpg,http://pbs.twimg.com/profile_images/1470193754422325251/6L71dk8F.jpg,"(319, 319)",319,319
AlinityTwitch,http://pbs.twimg.com/profile_images/1399200087138455560/tcSWBSGz_normal.jpg,http://pbs.twimg.com/profile_images/1399200087138455560/tcSWBSGz_bigger.jpg,http://pbs.twimg.com/profile_images/1399200087138455560/tcSWBSGz_mini.jpg,http://pbs.twimg.com/profile_images/1399200087138455560/tcSWBSGz.jpg,"(400, 400)",400,400
Flight23White,http://pbs.twimg.com/profile_images/1449381793564540939/0ZrOOjOu_normal.jpg,http://pbs.twimg.com/profile_images/1449381793564540939/0ZrOOjOu_bigger.jpg,http://pbs.twimg.com/profile_images/1449381793564540939/0ZrOOjOu_mini.jpg,http://pbs.twimg.com/profile_images/1449381793564540939/0ZrOOjOu.jpg,"(400, 400)",400,400
Loserfruit,http://pbs.twimg.com/profile_images/1475803202180186114/QiAM-SbG_normal.jpg,http://pbs.twimg.com/profile_images/1475803202180186114/QiAM-SbG_bigger.jpg,http://pbs.twimg.com/profile_images/1475803202180186114/QiAM-SbG_mini.jpg,http://pbs.twimg.com/profile_images/1475803202180186114/QiAM-SbG.jpg,"(400, 400)",400,400
BroxahLoL,http://pbs.twimg.com/profile_images/1481005663388160001/V2uSjzkY_normal.jpg,http://pbs.twimg.com/profile_images/1481005663388160001/V2uSjzkY_bigger.jpg,http://pbs.twimg.com/profile_images/1481005663388160001/V2uSjzkY_mini.jpg,http://pbs.twimg.com/profile_images/1481005663388160001/V2uSjzkY.jpg,"(400, 400)",400,400
hachubbytv,http://pbs.twimg.com/profile_images/1483852196806541317/5BkO0rLO_normal.jpg,http://pbs.twimg.com/profile_images/1483852196806541317/5BkO0rLO_bigger.jpg,http://pbs.twimg.com/profile_images/1483852196806541317/5BkO0rLO_mini.jpg,http://pbs.twimg.com/profile_images/1483852196806541317/5BkO0rLO.jpg,"(400, 400)",400,400
Curtisryan__,http://pbs.twimg.com/profile_images/1474031930077290498/Jn4CB-vT_normal.jpg,http://pbs.twimg.com/profile_images/1474031930077290498/Jn4CB-vT_bigger.jpg,http://pbs.twimg.com/profile_images/1474031930077290498/Jn4CB-vT_mini.jpg,http://pbs.twimg.com/profile_images/1474031930077290498/Jn4CB-vT.jpg,"(400, 400)",400,400
miniminter,http://pbs.twimg.com/profile_images/1268944346537234432/OtLFbQ3C_normal.jpg,http://pbs.twimg.com/profile_images/1268944346537234432/OtLFbQ3C_bigger.jpg,http://pbs.twimg.com/profile_images/1268944346537234432/OtLFbQ3C_mini.jpg,http://pbs.twimg.com/profile_images/1268944346537234432/OtLFbQ3C.jpg,"(400, 400)",400,400
xChocoBars,http://pbs.twimg.com/profile_images/1483428727149137920/Jy297sIx_normal.jpg,http://pbs.twimg.com/profile_images/1483428727149137920/Jy297sIx_bigger.jpg,http://pbs.twimg.com/profile_images/1483428727149137920/Jy297sIx_mini.jpg,http://pbs.twimg.com/profile_images/1483428727149137920/Jy297sIx.jpg,"(400, 400)",400,400
KYR_SP33DY,http://pbs.twimg.com/profile_images/1445870928076804097/5qDtw7e8_normal.jpg,http://pbs.twimg.com/profile_images/1445870928076804097/5qDtw7e8_bigger.jpg,http://pbs.twimg.com/profile_images/1445870928076804097/5qDtw7e8_mini.jpg,http://pbs.twimg.com/profile_images/1445870928076804097/5qDtw7e8.jpg,"(400, 400)",400,400
fuslie,http://pbs.twimg.com/profile_images/1301270449322557440/LsPEYHDP_normal.jpg,http://pbs.twimg.com/profile_images/1301270449322557440/LsPEYHDP_bigger.jpg,http://pbs.twimg.com/profile_images/1301270449322557440/LsPEYHDP_mini.jpg,http://pbs.twimg.com/profile_images/1301270449322557440/LsPEYHDP.jpg,"(400, 400)",400,400
Erobb221,http://pbs.twimg.com/profile_images/1376967896295997445/DIlsCIZ9_normal.jpg,http://pbs.twimg.com/profile_images/1376967896295997445/DIlsCIZ9_bigger.jpg,http://pbs.twimg.com/profile_images/1376967896295997445/DIlsCIZ9_mini.jpg,http://pbs.twimg.com/profile_images/1376967896295997445/DIlsCIZ9.jpg,"(400, 400)",400,400
kandylul,http://pbs.twimg.com/profile_images/1399074224317337600/VYXml5w4_normal.jpg,http://pbs.twimg.com/profile_images/1399074224317337600/VYXml5w4_bigger.jpg,http://pbs.twimg.com/profile_images/1399074224317337600/VYXml5w4_mini.jpg,http://pbs.twimg.com/profile_images/1399074224317337600/VYXml5w4.jpg,"(400, 400)",400,400
sweetanita,http://pbs.twimg.com/profile_images/1369726229969072134/NkppmeN5_normal.jpg,http://pbs.twimg.com/profile_images/1369726229969072134/NkppmeN5_bigger.jpg,http://pbs.twimg.com/profile_images/1369726229969072134/NkppmeN5_mini.jpg,http://pbs.twimg.com/profile_images/1369726229969072134/NkppmeN5.jpg,"(400, 400)",400,400
AnthonyZ1O,http://pbs.twimg.com/profile_images/1450347784301907975/tarNem3j_normal.jpg,http://pbs.twimg.com/profile_images/1450347784301907975/tarNem3j_bigger.jpg,http://pbs.twimg.com/profile_images/1450347784301907975/tarNem3j_mini.jpg,http://pbs.twimg.com/profile_images/1450347784301907975/tarNem3j.jpg,"(400, 400)",400,400
roflgatorOW,http://pbs.twimg.com/profile_images/1470802420494221314/n1SHVTKm_normal.jpg,http://pbs.twimg.com/profile_images/1470802420494221314/n1SHVTKm_bigger.jpg,http://pbs.twimg.com/profile_images/1470802420494221314/n1SHVTKm_mini.jpg,http://pbs.twimg.com/profile_images/1470802420494221314/n1SHVTKm.jpg,"(400, 400)",400,400
QuarterJade,http://pbs.twimg.com/profile_images/1443332702787100675/dDbFfo0I_normal.jpg,http://pbs.twimg.com/profile_images/1443332702787100675/dDbFfo0I_bigger.jpg,http://pbs.twimg.com/profile_images/1443332702787100675/dDbFfo0I_mini.jpg,http://pbs.twimg.com/profile_images/1443332702787100675/dDbFfo0I.jpg,"(400, 400)",400,400
crayator,http://pbs.twimg.com/profile_images/1410189827023138817/R-jMnhOE_normal.jpg,http://pbs.twimg.com/profile_images/1410189827023138817/R-jMnhOE_bigger.jpg,http://pbs.twimg.com/profile_images/1410189827023138817/R-jMnhOE_mini.jpg,http://pbs.twimg.com/profile_images/1410189827023138817/R-jMnhOE.jpg,"(400, 400)",400,400
GloriousArcadum,http://pbs.twimg.com/profile_images/922014668113166338/r_B5TOYa_normal.jpg,http://pbs.twimg.com/profile_images/922014668113166338/r_B5TOYa_bigger.jpg,http://pbs.twimg.com/profile_images/922014668113166338/r_B5TOYa_mini.jpg,http://pbs.twimg.com/profile_images/922014668113166338/r_B5TOYa.jpg,"(512, 512)",512,512
ZerkaaHD,http://pbs.twimg.com/profile_images/1265758419962736641/zlwLZmIO_normal.jpg,http://pbs.twimg.com/profile_images/1265758419962736641/zlwLZmIO_bigger.jpg,http://pbs.twimg.com/profile_images/1265758419962736641/zlwLZmIO_mini.jpg,http://pbs.twimg.com/profile_images/1265758419962736641/zlwLZmIO.jpg,"(400, 400)",400,400
brookeab,http://pbs.twimg.com/profile_images/1387127889544376324/OVlzyi8L_normal.jpg,http://pbs.twimg.com/profile_images/1387127889544376324/OVlzyi8L_bigger.jpg,http://pbs.twimg.com/profile_images/1387127889544376324/OVlzyi8L_mini.jpg,http://pbs.twimg.com/profile_images/1387127889544376324/OVlzyi8L.jpg,"(400, 400)",400,400
CallMeCarsonYT,http://pbs.twimg.com/profile_images/1479490951357865991/hSpTOY8z_normal.jpg,http://pbs.twimg.com/profile_images/1479490951357865991/hSpTOY8z_bigger.jpg,http://pbs.twimg.com/profile_images/1479490951357865991/hSpTOY8z_mini.jpg,http://pbs.twimg.com/profile_images/1479490951357865991/hSpTOY8z.jpg,"(400, 400)",400,400
andymilonakis,http://pbs.twimg.com/profile_images/1475098461913636864/oOR6UU-N_normal.jpg,http://pbs.twimg.com/profile_images/1475098461913636864/oOR6UU-N_bigger.jpg,http://pbs.twimg.com/profile_images/1475098461913636864/oOR6UU-N_mini.jpg,http://pbs.twimg.com/profile_images/1475098461913636864/oOR6UU-N.jpg,"(400, 400)",400,400
